cliente_id,nombre,ciudad,pais
1,Patrizia Barbier,Hausen (Ag),Switzerland
2,اميرحسين کریمی,سبزوار,Iran
3,Mathilde Petersen,Viby J.,Denmark
4,Candice Howard,Bellevue,United States
5,Ataíde Souza,Divinópolis,Brazil
6,Emily Chen,Dunedin,New Zealand
7,Seth Washington,Plymouth,United Kingdom
8,Leo Ambrose,Chelsea,Canada
9,Alberto Zapata,Villa de Ramos,Mexico
10,Vera Matthews,Spokane,United States
11,Saloni Salian,Bhimavaram,India
12,هلیا جعفری,زاهدان,Iran
13,Deanne Aydin,Budel-Schoot,Netherlands
14,Arnaud Morin,Campbellton,Canada
15,Jürgen Unger,Ehrenfriedersdorf,Germany
16,Steffen Kongsrud,Poverudbyen,Norway
17,Leyla Vårdal,Vuku,Norway
18,Veerle Faaij,Echteld,Netherlands
19,Henry Roberts,Liverpool,United Kingdom
20,Valdemar Poulsen,Fredeikssund,Denmark
21,Slavica Martinez,Kaiserstuhl,Switzerland
22,Ryan Olson,Birmingham,United Kingdom
23,Rosa García,Orense,Spain
24,Viroslav Zhidenko,Polonne,Ukraine
25,Izolda Radanović,Medveđa,Serbia
26,Ceylan Egeli,Hatay,Turkey
27,کیانا پارسا,بندرعباس,Iran
28,Peetu Kalas,Riihimäki,Finland
29,Noelia Cantú,Xmatkuil,Mexico
30,Nina Hamnes,Øvre Årdal,Norway
31,Tonny Bron,Harskamp,Netherlands
32,Glenda Thompson,Manchester,United States
33,Tonny Ten Haaf,Mariaheide,Netherlands
34,Sean Harvey,Bunbury,Australia
35,Margita Zimmerer,Hagenbach,Germany
36,Dave Warren,Iowa Park,United States
37,Margarita Jasper,Hoyerswerda,Germany
38,Branka Vuksanović,Pećinci,Serbia
39,محمدطاها سالاری,بابل,Iran
40,Joel Savela,Vaasa,Finland
41,Alain Feld,Amsterdam,Netherlands
42,Rodrigo Vidal,Móstoles,Spain
43,Maria Pedersen,Agerbæk,Denmark
44,Lorraine Gray,Las Cruces,United States
45,Margarita Navarrete,Villa Guerrero,Mexico
46,Olja Zdravković,Trstenik,Serbia
47,Nico Haugli,Talvik,Norway
48,Esteban Páez,Las Cieneguitas,Mexico
49,Daniele Cardoso,Poços de Caldas,Brazil
50,Benjamin Ramos,Mildura,Australia
51,Namitha Acharya,Belgaum,India
52,Antonio Rolón,San Pablo Pejo (San Pablo),Mexico
53,Francisco de Borja Dias,Luziânia,Brazil
54,Sana Riise,Silvalen,Norway
55,Thomas Perez,Le Mans,France
56,Ercília Martins,Duque de Caxias,Brazil
57,Sophia Krämer,Wittenberg,Germany
58,Karen da Luz,Suzano,Brazil
59,Edgar Thielman,Alphen aan den Rijn,Netherlands
60,Andrée Moulin,Zullwil,Switzerland
61,Joann West,Oklahoma City,United States
62,Tatiano da Luz,Guarapari,Brazil
63,Kenneth Price,Bendigo,Australia
64,Ümit Akaydın,Bingöl,Turkey
65,Rosane Rocha,Indaiatuba,Brazil
66,Alla Shulga,Zhdanivka,Ukraine
67,Tristan Dumont,Montpellier,France
68,Patric Kruppa,Schneeberg,Germany
69,Delores Lawrence,Port Macquarie,Australia
70,Stéphane Van Arkel,Landhorst,Netherlands
71,Aiden Jones,Gisborne,New Zealand
72,Rosa Møller,Hurup Thy,Denmark
73,محمدطاها كامياران,ساری,Iran
74,Panas Lisko,Dnipro,Ukraine
75,Arin Våge,Nordfjordeid,Norway
76,Minttu Takala,Valkeakoski,Finland
77,Kashvi Shukla,Bally,India
78,Radovan Simeonović,Tutin,Serbia
79,Indira Ozuna,San Isidro Mazatepec,Mexico
80,Vilenina Sozanskiy,Berezan,Ukraine
81,Barış Okumuş,Şırnak,Turkey
82,Salete Ramos,Rio de Janeiro,Brazil
83,Nadežda Hadžić,Svilajnac,Serbia
84,Leslie Banks,Launceston,Australia
85,Sofia Hokkanen,Vesilahti,Finland
86,آدرینا احمدی,اسلام‌شهر,Iran
87,Julius Blanke,Gronau (Westf.),Germany
88,Melodie Campbell,Vanier,Canada
89,Lea Larsen,"Ulsted, Hals",Denmark
90,Henri Lopez,Lungern,Switzerland
91,Benjamin Kelley,Madison,United States
92,Ava Thompson,Timaru,New Zealand
93,Patryk Træet,Sørland,Norway
94,Alice Moore,New Plymouth,New Zealand
95,Sheila Prescott,Rio Rancho,United States
96,Brooklyn Brooks,Mcallen,United States
97,Ezio Leclercq,Tourcoing,France
98,Yvonne Schmidt,Thornton,United States
99,Emily Fortin,Elgin,Canada
100,رهام حسینی,ارومیه,Iran
